{"accuracy": [0.9490290880203247, 0.989316463470459, 0.9933280944824219, 0.9943097233772278, 0.9961732625961304, 0.9965431690216064, 0.9966142773628235, 0.9976385235786438, 0.9980368614196777, 0.9980652928352356], "loss": [0.18175151944160461, 0.034089285880327225, 0.02261429838836193, 0.018238505348563194, 0.012645378708839417, 0.0111261997371912, 0.011042801663279533, 0.007698674686253071, 0.006497328635305166, 0.0059462240897119045], "val_accuracy": [0.9875369668006897, 0.987366259098053, 0.990780770778656, 0.9950489401817322, 0.994707465171814, 0.9941384196281433, 0.9950489401817322, 0.9954472780227661, 0.9949920177459717, 0.9945367574691772], "val_loss": [0.04534388333559036, 0.045850351452827454, 0.028539957478642464, 0.016506554558873177, 0.01914072409272194, 0.02068491093814373, 0.020283453166484833, 0.01828334853053093, 0.015320183709263802, 0.02142852544784546]}