{"accuracy": [0.5967280864715576, 0.857984185218811, 0.9101927876472473, 0.9374920129776001, 0.9535955786705017, 0.9646916389465332, 0.9697986841201782, 0.9755601286888123, 0.9776371121406555, 0.9811935424804688], "loss": [1.388569712638855, 0.45040297508239746, 0.27703857421875, 0.1903214454650879, 0.14248257875442505, 0.10665509104728699, 0.09243888407945633, 0.07485498487949371, 0.06698780506849289, 0.05712023377418518], "val_accuracy": [0.8567038178443909, 0.8988162875175476, 0.9099704027175903, 0.9292624592781067, 0.9490097761154175, 0.9568631649017334, 0.9457091093063354, 0.9574322700500488, 0.9605053663253784, 0.9625540375709534], "val_loss": [0.4649960398674011, 0.3194044828414917, 0.287647008895874, 0.22633057832717896, 0.1515996754169464, 0.13623620569705963, 0.17529913783073425, 0.14887270331382751, 0.1400059312582016, 0.12266389280557632]}